annotation_id	well	score	is_outlier	n_outlier_cells	n_infected_cells	n_non_infected_cells	serum_background_intensity	serum_background_variance
0	D06	1.003301641933163	0	7	448	102	4139.87	152.6753
1	D06	1.0057791558965017	0	13	423	72	4075.4814	158.11548
2	D06	1.0055421726986935	0	15	385	91	3982.2324	154.55664
3	D06	1.0203540497217427	0	12	393	56	3877.0488	142.35046
4	D06	1.0151035208630887	0	13	388	87	3981.0676	169.86621
5	D06	1.0324925879686702	0	9	305	93	4057.857	148.54736
6	D06	1.0212803447207102	0	7	331	76	4257.009	148.70215
7	D06	1.016710868449115	0	29	541	122	4084.0317	167.2002
8	D06	1.0222436543437188	0	30	392	93	3974.407	143.2992
