annotation_id	well	score	is_outlier	n_outlier_cells	n_infected_cells	n_non_infected_cells	serum_background_intensity	serum_background_variance
0	H06	1.0525272157096928	0	15	534	178	3850.9656	169.93042
1	H06	1.041809979942497	0	21	519	171	3902.4878	157.68774
2	H06	1.0444399057450062	0	29	298	134	3956.5757	170.54382
3	H06	1.0483740883063524	0	22	513	176	3968.6492	147.31958
4	H06	1.0446512179878962	0	19	465	204	3675.0093	170.87317
5	H06	1.0415109096222843	0	11	362	122	3948.395	143.83643
6	H06	1.0552509640816492	0	23	385	125	4113.9214	156.0669
7	H06	1.047929891447573	0	24	495	150	3893.4243	134.55017
8	H06	1.0340998881753736	0	17	498	103	3972.4731	139.45508
