annotation_id	well	score	is_outlier	n_outlier_cells	n_infected_cells	n_non_infected_cells	serum_background_intensity	serum_background_variance
0	A04	1.8124277018382653	0	5	359	98	4138.406	179.86487
1	A04	1.868209257216527	0	19	330	113	3993.4087	157.01611
2	A04	1.9161328816604983	0	7	448	148	4172.512	177.40869
3	A04	1.826525156471572	0	11	450	132	3915.244	163.85815
4	A04	1.7524112406456371	0	13	481	186	4040.5903	220.65271
5	A04	1.7086163801770902	0	15	506	166	4049.1062	161.15149
6	A04	1.936169340981697	0	8	362	110	4069.2827	166.4248
7	A04	1.7323479804890942	0	12	416	116	4063.3772	193.2937
8	A04	1.738197932635029	0	17	418	116	3986.1145	166.08655
