grid_id	well	score	is_outlier	n_outlier_cells	n_infected_cells	n_non_infected_cells	serum_background_intensity	serum_background_variance
0	G09	1.0444372197508605	0	14	336	115	3881.5637	153.29736
1	G09	1.0402115588389438	0	10	364	111	3801.625	149.42944
2	G09	1.043599115480427	0	9	466	142	3798.8008	139.97986
3	G09	1.031555896874942	0	8	542	105	3738.379	148.34021
4	G09	1.0199289078325888	0	9	389	94	3763.6626	150.67554
5	G09	1.029669740401744	0	7	271	76	3746.4517	128.20508
6	G09	1.040939387619184	0	13	343	145	3810.8606	151.71558
7	G09	1.0295334094094393	0	13	342	101	3722.731	132.91284
8	G09	1.033010623013252	0	11	381	108	3803.5752	141.00562
