grid_id	well	score	is_outlier	n_outlier_cells	n_infected_cells	n_non_infected_cells	serum_background_intensity	serum_background_variance
0	D11	1.0579413988776292	0	21	429	111	3993.213	131.59985
1	D11	1.0508234815365893	0	13	347	95	3847.6316	133.13635
2	D11	1.0700704303678772	0	13	464	120	3918.8872	139.89307
3	D11	1.0318731739729823	0	15	387	92	3871.8677	138.844
4	D11	1.0511697179171657	0	13	383	119	3754.707	126.66931
5	D11	nan	1	22	462	86	3918.9421	150.63098
6	D11	1.0545413059868596	0	17	498	127	4027.7642	180.67114
7	D11	1.0708651318398903	0	19	506	163	3842.4224	140.9032
8	D11	1.0634970252636438	0	14	540	174	3868.329	140.6128
