grid_id	well	score	is_outlier	n_outlier_cells	n_infected_cells	n_non_infected_cells	serum_background_intensity	serum_background_variance
0	G05	1.0538232155052798	0	21	407	134	3918.8823	145.82703
1	G05	1.0759434116955553	0	26	449	115	3753.4558	140.5
2	G05	1.0535995346000162	0	10	409	168	3790.963	133.1665
3	G05	1.0603378671820698	0	14	344	99	3730.7488	139.71777
4	G05	1.0604188830094592	0	27	504	173	3725.8298	153.85986
5	G05	1.0499579654837725	0	28	444	170	3774.9617	131.29883
6	G05	1.0474591144902259	0	29	532	123	3901.2595	142.5686
7	G05	1.0522841230023563	0	16	449	111	3760.9365	129.58423
8	G05	1.0433562449998535	0	33	460	77	3808.4172	137.99951
