annotation_id	well	score	is_outlier	n_outlier_cells	n_infected_cells	n_non_infected_cells	serum_background_intensity	serum_background_variance
0	E12	1.0749036653652395	0	16	427	185	3972.274	158.84937
1	E12	1.0582416437107902	0	17	557	166	3760.843	130.42859
2	E12	1.0866987081599542	0	9	332	137	3928.3032	142.30835
3	E12	1.0703211460538988	0	13	452	99	3808.5732	154.54736
4	E12	1.0633209472305951	0	10	519	142	3771.2231	143.53015
5	E12	1.0518493307426668	0	16	474	157	3938.5652	163.06958
6	E12	1.0494469128397153	0	16	298	138	3972.12	145.99805
7	E12	1.059155419831262	0	10	476	140	3810.4197	133.37244
8	E12	1.085422903162971	0	22	452	172	3875.6367	133.8855
