annotation_id	well	score	is_outlier	n_outlier_cells	n_infected_cells	n_non_infected_cells	serum_background_intensity	serum_background_variance
0	B02	1.6592459192576117	0	7	454	131	4026.706	183.56226
1	B02	1.7763909695218685	0	15	439	200	3932.2104	186.39917
2	B02	1.8702874027896463	0	15	400	160	3963.532	153.03369
3	B02	1.779154111587284	0	13	377	162	3854.8735	173.45691
4	B02	1.6988081917537126	0	17	584	204	3892.9941	236.60938
5	B02	1.7601872293222025	0	5	336	87	3851.8975	150.05676
6	B02	1.7992258821490623	0	8	355	75	3965.9194	159.05432
7	B02	1.7318139318015875	0	17	480	115	3814.6377	155.7699
8	B02	1.6427587205031189	0	11	519	113	3918.7285	207.41992
