label_id	anchor_y	anchor_x	bb_min_y	bb_min_x	bb_max_y	bb_max_x	n_pixels
1.0	350.35	616.85	334.75	583.0500000000001	365.3	631.15	1456.0
2.0	204.1	460.2	190.45000000000002	451.75	219.05	468.0	516.0
3.0	315.90000000000003	546.0	289.90000000000003	528.45	340.6	584.35	1877.0
4.0	279.5	534.3000000000001	257.40000000000003	515.45	315.90000000000003	559.0	2066.0
5.0	360.75	642.2	346.45	617.5	378.95	665.6	1992.0
6.0	247.0	502.45000000000005	227.5	484.25	287.3	534.3000000000001	2625.0
7.0	227.5	482.95	203.45000000000002	463.45	251.55	503.75	2521.0
