label_id	anchor_y	anchor_x	bb_min_y	bb_min_x	bb_max_y	bb_max_x	n_pixels
1.0	533.1318681318681	927.9677197802198	515.0	897.0	562.0	971.0	1456.0
2.0	310.0581395348837	705.6899224806201	293.0	695.0	337.0	720.0	516.0
3.0	497.66062866275973	869.493873201918	446.0	813.0	524.0	899.0	1877.0
4.0	454.83978702807354	831.9898354307841	396.0	793.0	486.0	860.0	2066.0
5.0	556.1410642570281	987.0928714859438	533.0	950.0	583.0	1024.0	1992.0
6.0	406.11809523809524	788.6952380952381	350.0	745.0	442.0	822.0	2625.0
7.0	349.7754859182864	743.3708845696152	313.0	713.0	387.0	775.0	2521.0
