grid_id	well	score	is_outlier	n_outlier_cells	n_infected_cells	n_non_infected_cells	serum_background_intensity	serum_background_variance
0	E03	1.0585525740121862	0	10	390	96	3920.6172	137.94995
1	E03	1.0622214071491352	0	7	352	107	3792.4617	136.26636
2	E03	1.0485736569101196	0	10	361	101	3952.6204	152.40906
3	E03	1.0502057929286852	0	17	480	156	3901.1294	158.03625
4	E03	1.0526824077384713	0	11	376	99	3723.7935	136.19995
5	E03	nan	1	13	362	93	3945.6167	159.0747
6	E03	1.0544726939878277	0	15	375	100	3979.516	152.94336
7	E03	1.0440440621805027	0	14	387	124	3869.0347	140.89868
8	E03	1.052024497308447	0	18	452	121	3981.4468	150.87866
