annotation_id	well	score	is_outlier	n_outlier_cells	n_infected_cells	n_non_infected_cells	serum_background_intensity	serum_background_variance
0	C08	1.032329561108836	0	15	430	91	3969.5046	139.56384
1	C08	1.028451847336208	0	11	282	93	3864.878	138.39087
2	C08	1.0406649962662298	0	10	303	87	3864.7224	141.7721
3	C08	1.032727323741397	0	15	421	94	3790.2908	138.09534
4	C08	1.024782105553753	0	8	418	89	3724.9348	153.04932
5	C08	1.0308221079157576	0	7	305	79	3917.6128	135.32568
6	C08	1.020946865031905	0	13	538	130	3803.788	145.22388
7	C08	1.0293732436758485	0	22	499	171	3710.7666	151.38037
8	C08	1.0222413836046509	0	10	387	118	3824.0881	135.83789
