annotation_id	well	score	is_outlier	n_outlier_cells	n_infected_cells	n_non_infected_cells	serum_background_intensity	serum_background_variance
0	D05	1.045782534036867	0	10	325	85	3999.8606	143.45093
1	D05	1.037680385397384	0	16	364	106	3959.933	145.90063
2	D05	1.0380763362162408	0	15	365	84	3927.8184	136.83118
3	D05	1.0417394632167638	0	20	323	137	3834.5708	140.42725
4	D05	1.0407525979803154	0	14	440	128	3731.9238	145.41357
5	D05	1.0409156332699196	0	11	487	129	3778.4253	136.82617
6	D05	1.033150151916751	0	30	392	91	3839.7363	138.32837
7	D05	1.0297630139067078	0	21	384	101	3768.857	139.56982
8	D05	1.052387355099649	0	20	376	173	3787.5986	125.06555
