annotation_id	well	score	is_outlier	n_outlier_cells	n_infected_cells	n_non_infected_cells	serum_background_intensity	serum_background_variance
0	D08	1.0517675099035126	0	14	367	113	3941.6707	143.48389
1	D08	1.0741682368317589	0	11	302	110	3867.2812	129.49231
2	D08	1.0723889239273028	0	11	318	104	3881.7397	145.5896
3	D08	1.091446309624456	0	25	274	95	3943.096	141.60791
4	D08	1.0584730480824942	0	9	319	84	3872.2554	140.76282
5	D08	1.0545040470427676	0	6	384	125	3986.6372	150.23291
6	D08	1.0562657593743157	0	23	449	113	4097.079	172.0625
7	D08	1.0680098932446207	0	23	577	169	3833.0479	181.09534
8	D08	1.048985810867343	0	6	426	85	3974.77	135.05103
