annotation_id	well	score	is_outlier	n_outlier_cells	n_infected_cells	n_non_infected_cells	serum_background_intensity	serum_background_variance
0	B09	1.0498987568227311	0	15	445	105	3898.6997	143.5774
1	B09	1.04778391042874	0	11	441	122	3840.48	161.79468
2	B09	1.054434558849782	0	13	352	128	3799.3472	133.19043
3	B09	1.0331890602782643	0	19	387	118	3710.7266	147.2539
4	B09	1.0561513404962293	0	15	330	108	3684.3442	125.57373
5	B09	1.0428103808838027	0	29	435	112	3750.376	129.46973
6	B09	1.0436221037968847	0	11	424	150	3833.6235	135.0719
7	B09	1.0425512893898563	0	11	425	115	3724.5852	143.52588
8	B09	1.0426187132157425	0	12	434	185	3772.738	136.28223
