annotation_id	well	score	is_outlier	n_outlier_cells	n_infected_cells	n_non_infected_cells	serum_background_intensity	serum_background_variance
0	D02	1.0385406271693731	0	13	474	124	3737.4583	135.24072
1	D02	1.032083476035696	0	11	416	97	3706.959	127.89746
2	D02	1.0372954081238537	0	6	248	71	3818.9294	137.84766
3	D02	1.041635177703119	0	22	489	101	3719.7024	124.09766
4	D02	1.024886911654622	0	14	394	138	3543.5762	150.40186
5	D02	1.0448517930782075	0	16	511	132	3783.5327	163.13855
6	D02	1.0384166488295523	0	9	321	154	3777.5632	137.97778
7	D02	1.0500645932075603	0	12	521	153	3685.0789	146.06812
8	D02	1.0339514678407196	0	11	501	163	3792.209	144.95166
