annotation_id	well	score	is_outlier	n_outlier_cells	n_infected_cells	n_non_infected_cells	serum_background_intensity	serum_background_variance
0	G04	1.3440103031503865	0	5	282	111	3894.101	140.44067
1	G04	1.4138585671103394	0	11	386	115	3839.0854	157.2666
2	G04	1.3575978088053309	0	12	429	141	3866.0898	137.10107
3	G04	1.344708240820678	0	13	383	122	3812.9531	141.1698
4	G04	1.3273275672294822	0	11	344	92	3737.374	159.02649
5	G04	1.3252036423226898	0	11	482	100	3764.6482	153.14453
6	G04	1.3747587487935504	0	12	382	130	3895.7717	163.49023
7	G04	1.3561501701294147	0	5	272	63	3848.9402	152.71753
8	G04	1.3132139786911876	0	10	378	92	3897.8745	138.094
