annotation_id	well	score	is_outlier	n_outlier_cells	n_infected_cells	n_non_infected_cells	serum_background_intensity	serum_background_variance
0	B05	1.0711736339527094	0	8	322	87	4026.2605	149.71729
1	B05	1.0579920785354942	0	15	378	143	3992.561	170.87256
2	B05	1.0819195629193452	0	14	325	178	4011.787	171.65259
3	B05		1	2	9	0	4282.2793	212.71423
4	B05		1	1	7	0	4253.5977	214.59814
5	B05	1.0608187020239743	0	10	454	146	4007.4321	151.04297
6	B05	1.0738847232571016	0	19	445	110	4134.882	158.04944
7	B05	1.0542241387107212	0	13	517	94	4056.5864	156.80566
8	B05	1.087107406538006	0	27	466	100	4025.0137	157.07227
