grid_id	well	score	is_outlier	n_outlier_cells	n_infected_cells	n_non_infected_cells	serum_background_intensity	serum_background_variance
0	G07	1.0620169661261953	0	12	412	100	4055.639	146.53052
1	G07	1.0630495166335583	0	13	392	67	3970.8276	141.94043
2	G07	1.0653055338271118	0	12	373	107	4053.6294	145.74878
3	G07	1.0609400476660227	0	10	510	115	3959.0186	146.0531
4	G07	1.053001223014998	0	40	470	114	3875.8933	156.80054
5	G07	1.0734567815735074	0	19	452	172	4048.477	149.51367
6	G07	1.0668836163182882	0	13	453	114	3967.352	134.97314
7	G07	1.0639061112666597	0	13	476	124	3857.1274	156.68384
8	G07	1.044460872441244	0	7	348	120	3879.9204	137.98938
