annotation_id	well	score	is_outlier	n_outlier_cells	n_infected_cells	n_non_infected_cells	serum_background_intensity	serum_background_variance
0	A05	1.0491974106930098	0	14	402	143	3901.5486	135.85107
1	A05	1.0465332913067382	0	10	339	129	3803.1191	127.22241
2	A05	1.0423937241738377	0	9	312	139	3861.072	149.8147
3	A05	1.044289310290597	0	12	395	127	3758.0264	124.56616
4	A05	1.0531255278659797	0	23	480	242	3717.148	142.96057
5	A05	1.0459410047471032	0	25	468	171	3802.3647	148.68091
6	A05	1.035526292561998	0	7	365	113	3873.6904	141.77466
7	A05	1.031466700277115	0	9	254	97	3805.395	132.5332
8	A05	1.0460330135493978	0	24	405	107	3788.5564	133.0398
