grid_id	well	score	is_outlier	n_outlier_cells	n_infected_cells	n_non_infected_cells	serum_background_intensity	serum_background_variance
0	G12	1.0778756072382312	0	13	468	136	3926.9688	144.71631
1	G12	1.0905117985247357	0	11	502	128	3761.8665	132.53003
2	G12	1.0920287429485214	0	10	365	82	3929.0957	151.3728
3	G12	1.083416079025079	0	13	582	136	3839.3643	144.02551
4	G12	1.0574557090760084	0	14	517	217	3635.4387	170.5752
5	G12	nan	1	22	541	165	3915.6763	140.32593
6	G12	1.071418338628064	0	24	463	152	4029.3223	167.3706
7	G12	1.0565921446105633	0	11	466	193	3895.966	136.97607
8	G12	1.0511175138254867	0	11	417	80	3966.938	138.83118
