grid_id	well	score	is_outlier	n_outlier_cells	n_infected_cells	n_non_infected_cells	serum_background_intensity	serum_background_variance
0	H02	1.7046599965611877	0	1	309	118	3950.1838	153.78491
1	H02	1.713038683762904	0	19	424	139	3868.2266	160.84912
2	H02	1.6749446687594747	0	16	432	119	3951.7388	171.39111
3	H02	1.6879351470673791	0	14	460	162	3933.8936	147.58447
4	H02	1.6257883303899998	0	15	447	117	3830.3694	167.83472
5	H02	1.759361963154566	0	3	288	138	3953.554	139.59863
6	H02	1.7197024335677464	0	12	441	168	4133.4395	200.49731
7	H02	1.630119017753919	0	14	452	116	3979.2969	172.66382
8	H02	1.5841929985339511	0	15	514	179	3995.5894	144.76294
