grid_id	well	score	is_outlier	n_outlier_cells	n_infected_cells	n_non_infected_cells	serum_background_intensity	serum_background_variance
0	G03	1.5426129107911675	0	11	350	64	3945.3562	142.14062
1	G03	1.6198669288647163	0	9	385	99	3876.516	173.74487
2	G03	1.5342535695443384	0	10	406	91	3895.9014	152.2981
3	G03	1.522444937338163	0	8	423	94	3855.7097	152.02661
4	G03	1.5842768767584932	0	7	323	83	3734.6326	138.57007
5	G03	1.6460065884164865	0	10	355	116	3859.9202	156.19202
6	G03	1.6493024969432137	0	15	382	109	4027.8933	170.29663
7	G03	1.5706085486745216	0	4	355	79	3955.689	174.88306
8	G03	1.4787852102979695	0	11	397	103	4059.2065	179.44885
