grid_id	well	score	is_outlier	n_outlier_cells	n_infected_cells	n_non_infected_cells	serum_background_intensity	serum_background_variance
0	A06	1.0945543188293754	0	12	508	170	4750.863	252.62402
1	A06	1.1274593598966651	0	18	500	194	4492.6533	222.82861
2	A06	1.0961839987370403	0	17	327	186	4609.786	233.9917
3	A06	1.1013908999356492	0	9	436	175	4582.0293	255.21533
4	A06	1.1027700725066467	0	17	478	172	4314.929	175.90381
5	A06	1.1098831749818623	0	14	371	198	4460.6543	171.60547
6	A06	1.1260214577487957	0	13	357	166	4883.3125	243.40942
7	A06	1.1013527456137444	0	14	408	187	4534.6123	253.13525
8	A06	1.103509367533564	0	12	364	151	4467.1943	177.58667
