annotation_id	well	score	is_outlier	n_outlier_cells	n_infected_cells	n_non_infected_cells	serum_background_intensity	serum_background_variance
0	F09	1.0388565365323998	0	16	466	120	4012.604	164.5166
1	F09		1	50	474	44	4114.906	256.57666
2	F09	1.0308623331640214	0	12	390	148	3934.4172	147.6062
3	F09	1.031905861908902	0	14	338	83	3863.8967	134.5586
4	F09	1.0290343092430725	0	10	396	69	3869.8748	157.61646
5	F09	1.0381008402376208	0	15	361	114	3988.5596	152.24927
6	F09	1.044346316800638	0	8	481	74	4009.2993	146.1521
7	F09	1.0729777273688978	0	14	241	60	3912.0598	133.0315
8	F09	1.050971852651872	0	21	338	135	3927.5942	140.94092
