annotation_id	well	score	is_outlier	n_outlier_cells	n_infected_cells	n_non_infected_cells	serum_background_intensity	serum_background_variance
0	A10		1	17	438	115	4254.3193	175.88037
1	A10	1.035941851089181	0	13	372	124	3987.9248	154.2312
2	A10	1.0520126800420482	0	11	280	70	4063.0903	157.55908
3	A10	1.0392437261144245	0	8	512	129	4033.2495	146.28833
4	A10	1.0409658696721895	0	13	442	129	3874.643	144.20667
5	A10	1.04597535698809	0	12	401	92	4027.2354	148.94849
6	A10	1.0312944109092634	0	16	506	144	4024.8235	148.6189
7	A10	1.0447590184075717	0	11	438	135	3940.9553	135.9187
8	A10	1.0567078554757474	0	11	321	78	4034.7676	140.04749
