annotation_id	well	score	is_outlier	n_outlier_cells	n_infected_cells	n_non_infected_cells	serum_background_intensity	serum_background_variance
0	E09	1.0633947768772445	0	14	424	124	3956.3013	162.95447
1	E09	1.0692028935379294	0	15	326	112	3853.6323	152.57202
2	E09	1.064399770016915	0	6	271	80	3953.8584	147.32031
3	E09	1.0566199404160546	0	12	319	92	3863.8267	155.1289
4	E09	1.0683884885867714	0	14	374	117	3819.027	147.25073
5	E09	1.0470878376371209	0	3	376	83	3918.39	143.6012
6	E09	1.056694186257302	0	6	411	109	3884.3857	147.0669
7	E09	1.0682924752696523	0	7	439	86	3928.8481	141.39087
8	E09	1.0576121967921146	0	11	464	116	3975.8105	151.2666
