annotation_id	well	score	is_outlier	n_outlier_cells	n_infected_cells	n_non_infected_cells	serum_background_intensity	serum_background_variance
0	H07	1.0143946216799482	0	25	535	123	4002.5586	166.15063
1	H07	1.0164866363988987	0	23	567	175	3821.7642	150.48022
2	H07	1.020259510004472	0	23	533	197	3882.1309	140.61792
3	H07	1.0203801665394496	0	17	479	136	3867.8584	159.88684
4	H07	1.0215861173388487	0	21	546	150	3711.3687	131.16602
5	H07	1.0276236663236753	0	18	610	146	3843.9253	140.53271
6	H07	1.029473460756317	0	14	332	53	3967.4705	139.56665
7	H07	1.0160905448668585	0	10	392	113	3829.6387	138.53809
8	H07	1.010523627759524	0	14	442	127	3907.284	137.42017
