annotation_id	well	score	is_outlier	n_outlier_cells	n_infected_cells	n_non_infected_cells	serum_background_intensity	serum_background_variance
0	C06	1.0780225914720294	0	11	321	77	4100.5503	144.27393
1	C06	1.0809983877059173	0	10	369	83	3991.6572	150.88379
2	C06	1.1003912069006307	0	10	317	132	3978.8003	148.24512
3	C06	1.0849839761001163	0	21	359	109	3950.548	153.92432
4	C06	1.0678919433425698	0	14	448	116	3924.0515	155.104
5	C06	1.0784902964130163	0	12	364	105	4073.08	148.6698
6	C06	1.048575732545118	0	14	515	132	4231.216	160.99658
7	C06	1.0769807652777004	0	13	413	163	4080.83	154.53271
8	C06	1.0739313932300982	0	8	405	151	4144.9697	154.34204
