annotation_id	well	score	is_outlier	n_outlier_cells	n_infected_cells	n_non_infected_cells	serum_background_intensity	serum_background_variance
0	H08	1.0390493124905469	0	17	545	194	4085.1162	169.01465
1	H08	1.050027547496947	0	31	622	160	3746.211	154.74939
2	H08	1.0588329550144715	0	24	582	160	3840.6238	132.47803
3	H08	1.0584241585391567	0	30	290	95	3692.152	121.86694
4	H08	1.0407994545386	0	10	529	129	3787.4875	141.55273
5	H08	1.0486637606706872	0	20	523	171	3758.8167	135.40527
6	H08	1.0422406955033403	0	15	340	102	3979.4424	134.01904
7	H08	1.0293940234387735	0	8	497	91	3838.946	140.78833
8	H08	1.035226190163631	0	13	587	195	3822.205	142.797
