annotation_id	well	score	is_outlier	n_outlier_cells	n_infected_cells	n_non_infected_cells	serum_background_intensity	serum_background_variance
0	A12	1.0785506153112383	0	21	475	228	4131.755	167.41504
1	A12	1.10095616833549	0	19	560	120	4008.4163	166.07312
2	A12	1.0854350461885058	0	14	409	204	3990.3743	165.01294
3	A12	1.0746714829251909	0	10	374	126	3865.6423	137.58325
4	A12	1.0796899332381318	0	8	487	155	3773.1555	170.25366
5	A12	1.1024629804665402	0	14	540	119	3912.8203	152.07959
6	A12	1.0861822379984147	0	8	412	118	4084.9043	174.05981
7	A12	1.0692184354582377	0	10	537	136	3918.2314	187.35669
8	A12	1.0847454366874554	0	21	545	232	3819.4556	183.58154
