label_id	anchor_y	anchor_x	bb_min_y	bb_min_x	bb_max_y	bb_max_x	n_pixels	cell
1.0	349.7	614.9	326.3	579.15	367.25	631.15	1912.0	infected
2.0	198.9	457.6	177.45000000000002	449.8	220.35	468.65000000000003	896.0	infected
3.0	319.15000000000003	546.65	288.6	527.15	342.55	586.95	2335.0	infected
4.0	287.3	540.15	256.1	513.5	317.85	560.95	2471.0	infected
5.0	361.40000000000003	642.85	344.5	615.5500000000001	382.2	665.6	2528.0	infected
6.0	248.3	503.75	226.20000000000002	482.95	289.25	536.25	3033.0	infected
7.0	227.5	482.95	201.5	461.5	253.5	505.70000000000005	3132.0	infected
