label_id	anchor_y	anchor_x	bb_min_y	bb_min_x	bb_max_y	bb_max_x	n_pixels
1.0	531.3101464435147	924.9450836820083	502.0	891.0	565.0	971.0	1912.0
2.0	302.07142857142856	702.8816964285714	273.0	692.0	339.0	721.0	896.0
3.0	498.76702355460384	868.858244111349	444.0	811.0	527.0	903.0	2335.0
4.0	456.42816673411573	832.5273168757589	394.0	790.0	489.0	863.0	2471.0
5.0	556.1135284810126	986.5759493670886	530.0	947.0	588.0	1024.0	2528.0
6.0	407.9432904714804	790.2242004615891	348.0	743.0	445.0	825.0	3033.0
7.0	349.73850574712645	743.3627075351213	310.0	710.0	390.0	778.0	3132.0
