grid_id	well	score	is_outlier	n_outlier_cells	n_infected_cells	n_non_infected_cells	serum_background_intensity	serum_background_variance
0	H12	1.0556636881207742	0	11	489	170	4001.4424	170.14246
1	H12	1.060438706918957	0	12	469	186	3859.3472	144.53308
2	H12	1.0750071387272617	0	15	441	181	3969.3062	160.03711
3	H12	1.0494258429720298	0	14	564	106	3874.7722	135.66113
4	H12	1.0598270338506215	0	28	628	219	3790.9688	149.58923
5	H12	1.052799159803357	0	27	568	156	3916.758	140.12549
6	H12	1.067254210412643	0	20	495	127	4028.4646	138.47351
7	H12	1.0551359050331313	0	17	598	184	3925.6494	144.74976
8	H12	1.0528825972546232	0	14	571	179	3984.7905	145.30652
