grid_id	well	score	is_outlier	n_outlier_cells	n_infected_cells	n_non_infected_cells	serum_background_intensity	serum_background_variance
0	G02	1.428750942919735	0	12	297	119	4000.0022	172.79419
1	G02	1.5111077432932352	0	12	309	101	3851.5278	168.40845
2	G02	1.4931829403601182	0	9	367	136	3839.3882	148.8435
3	G02	1.397315046056806	0	9	331	68	3827.7258	138.85425
4	G02	1.4112489502470242	0	15	454	192	3812.2537	183.2002
5	G02	1.3472193126901906	0	8	431	118	3817.3489	186.24695
6	G02	1.4057760440327107	0	6	400	83	3958.8953	156.13013
7	G02	1.4314919718972383	0	10	387	155	3815.3103	148.02393
8	G02	1.4619486414013065	0	6	315	98	3864.921	137.92578
