grid_id	well	score	is_outlier	n_outlier_cells	n_infected_cells	n_non_infected_cells	serum_background_intensity	serum_background_variance
0	C09	1.0492217781629638	0	18	452	142	3929.8794	140.48059
1	C09	1.046068655584485	0	9	400	126	3807.5635	134.34167
2	C09	nan	1	2	32	0	4111.2324	192.31665
3	C09	1.0639280474305013	0	12	361	87	3816.457	139.81982
4	C09	1.0348836555138807	0	21	439	97	3653.2546	140.00061
5	C09	1.0208300526354734	0	14	456	79	3859.8064	139.2002
6	C09	1.0508252883479152	0	13	370	87	3917.0427	143.06592
7	C09	1.056942495053671	0	18	494	127	3794.9932	154.95386
8	C09	1.0387461554833137	0	10	378	159	3870.5476	137.34424
