annotation_id	well	score	is_outlier	n_outlier_cells	n_infected_cells	n_non_infected_cells	serum_background_intensity	serum_background_variance
0	G06	1.086319916855054	0	10	448	113	4114.27	148.66357
1	G06	1.069487866103219	0	12	532	186	3956.3413	139.54102
2	G06	1.0953237220991598	0	15	401	113	4077.5637	140.24487
3	G06	1.0891344207694804	0	34	506	106	4127.0156	148.51733
4	G06	1.060623114712122	0	6	373	171	4029.0574	160.28552
5	G06	1.057792404131274	0	10	453	93	4017.0945	146.0011
6	G06	1.0657705945803144	0	8	460	168	4069.0356	150.99243
7	G06	1.0579353680626498	0	11	454	121	4011.6545	167.33813
8	G06	1.0779132079436795	0	16	402	133	4027.6067	145.89429
