annotation_id	well	score	is_outlier	n_outlier_cells	n_infected_cells	n_non_infected_cells	serum_background_intensity	serum_background_variance
0	H03	1.0487556008384742	0	14	502	136	3828.9756	124.940674
1	H03	1.03937019200692	0	12	426	102	3810.4492	159.14856
2	H03	1.0378773625298237	0	9	363	128	3814.1802	157.73474
3	H03	1.0437463368653654	0	11	435	83	3745.8882	136.656
4	H03	1.044970377679716	0	15	351	121	3617.9272	144.13574
5	H03	1.0414049953348965	0	10	330	52	3802.4688	157.87817
6	H03	1.0376986537856074	0	5	333	90	4141.3037	144.76685
7	H03	1.051267897798863	0	10	428	131	3770.2595	130.0166
8	H03	1.0404258515305669	0	4	329	75	3789.8025	151.00171
