grid_id	well	score	is_outlier	n_outlier_cells	n_infected_cells	n_non_infected_cells	serum_background_intensity	serum_background_variance
0	D10	nan	1	21	187	24	3984.239	166.25403
1	D10	1.0533060796893399	0	4	285	95	3857.1533	140.44458
2	D10	1.0619553551930694	0	22	478	137	3876.3738	169.65112
3	D10	1.0575861021314172	0	10	484	119	3796.8428	139.0282
4	D10	1.0424492825055938	0	21	425	79	3722.905	140.17554
5	D10	1.0579514017735332	0	18	528	220	3849.523	147.54541
6	D10	1.060355026234036	0	10	430	133	3929.6367	138.0232
7	D10	1.0614775215040562	0	7	495	131	3820.4937	142.90735
8	D10	1.055587654120502	0	22	417	108	3828.8765	132.07886
