annotation_id	well	score	is_outlier	n_outlier_cells	n_infected_cells	n_non_infected_cells	serum_background_intensity	serum_background_variance
0	B06	1.0646516473137395	0	16	482	137	4102.8496	177.6023
1	B06	1.112543809898451	0	13	322	114	4032.2502	141.64673
2	B06	1.1056153548112664	0	10	341	144	4068.1084	150.5951
3	B06	1.0889462208535408	0	15	253	69	3920.5293	153.9187
4	B06	1.0992371297117391	0	19	438	192	4006.6099	167.3601
5	B06	1.0967748689424743	0	16	418	131	4030.0022	172.08301
6	B06	1.115496454988068	0	21	362	85	4152.915	176.89551
7	B06	1.1006503631114826	0	7	576	149	3966.611	184.58667
8	B06	1.1103490518626178	0	15	272	88	4070.8054	144.20532
