annotation_id	well	score	is_outlier	n_outlier_cells	n_infected_cells	n_non_infected_cells	serum_background_intensity	serum_background_variance
0	H05	1.090225558999757	0	9	341	129	3940.7307	130.14294
1	H05	1.1313055057998644	0	18	439	136	3839.5532	177.36536
2	H05	1.1179631513134365	0	21	486	205	3849.2153	131.72253
3	H05	1.1135578582661112	0	15	484	244	3754.7104	149.00037
4	H05	1.1220486951960484	0	15	394	122	3798.4126	143.72144
5	H05	1.090158793195078	0	13	465	113	3906.0073	161.83691
6	H05	1.0827239150021002	0	8	350	99	3993.9995	140.55518
7	H05	1.0996113601694475	0	9	441	182	4012.8633	181.89844
8	H05	1.1085465309515974	0	12	391	155	3888.6697	150.88745
