annotation_id	well	score	is_outlier	n_outlier_cells	n_infected_cells	n_non_infected_cells	serum_background_intensity	serum_background_variance
0	G01		1	17	8	506	3590.1274	134.90283
1	G01		1	17	10	596	3500.563	133.27124
2	G01		1	30	9	653	3526.5537	126.49048
3	G01		1	18	10	429	3531.8225	125.73169
4	G01		1	13	6	489	3431.5127	122.09314
5	G01		1	21	10	583	3470.567	131.80444
6	G01		1	16	10	589	3589.7278	124.396484
7	G01		1	26	8	712	3514.4407	119.67969
8	G01		1	21	13	478	3565.5625	116.87207
