label_id	anchor_y	anchor_x	bb_min_y	bb_min_x	bb_max_y	bb_max_x	n_pixels
1.0	755.1379310344828	805.0344827586207	736.0	799.0	764.0	816.0	29.0
2.0	582.7582017010935	270.2503037667072	557.0	254.0	603.0	288.0	823.0
3.0	702.0382882882883	892.1711711711712	689.0	880.0	717.0	903.0	444.0
4.0	562.0263571990558	106.97285601888277	525.0	72.0	606.0	145.0	2542.0
5.0	79.5278768956289	942.9732381801963	5.0	906.0	159.0	991.0	4484.0
6.0	809.792	496.8453333333333	798.0	485.0	822.0	510.0	375.0
7.0	348.8634328358209	604.4373134328358	330.0	579.0	371.0	626.0	1340.0
8.0	697.036231884058	906.6376811594203	680.0	897.0	716.0	919.0	414.0
9.0	46.4405487804878	789.405487804878	28.0	776.0	65.0	803.0	656.0
10.0	743.6451882845188	733.1923291492329	713.0	633.0	787.0	814.0	7170.0
11.0	75.82921714818266	122.26514445479962	15.0	89.0	148.0	150.0	4292.0
12.0	527.0294964028777	723.7359712230216	501.0	703.0	552.0	745.0	1390.0
13.0	116.55147058823529	806.405462184874	96.0	787.0	136.0	835.0	952.0
14.0	779.4071222329163	842.0678537054861	753.0	792.0	801.0	890.0	2078.0
15.0	596.4372259864488	620.0605819051415	468.0	533.0	722.0	690.0	7527.0
16.0	600.6682464454976	1012.7545023696682	567.0	996.0	627.0	1024.0	1055.0
17.0	269.47859690844234	446.28240190249704	252.0	404.0	287.0	482.0	1682.0
18.0	669.474497231128	472.5937044593413	618.0	440.0	725.0	499.0	3431.0
19.0	778.2540820390283	208.83233771405816	746.0	184.0	813.0	239.0	2511.0
20.0	848.3745519713261	34.53046594982079	837.0	14.0	860.0	52.0	558.0
21.0	900.4607692307692	843.945	871.0	804.0	927.0	888.0	2600.0
22.0	881.3870277975766	567.0648610121169	861.0	548.0	904.0	589.0	1403.0
23.0	669.1442307692307	607.6384615384616	656.0	595.0	682.0	621.0	520.0
24.0	834.4105080831408	502.2471131639723	808.0	474.0	855.0	529.0	1732.0
25.0	878.7813465101915	180.30265596046942	858.0	151.0	900.0	209.0	1619.0
26.0	833.2632034632035	14.057142857142857	809.0	0.0	858.0	38.0	1155.0
27.0	801.721095890411	925.0958904109589	772.0	881.0	834.0	970.0	3650.0
28.0	385.66001961425303	574.9846355017979	355.0	519.0	425.0	611.0	3059.0
29.0	689.2378516624041	610.8132992327365	679.0	599.0	702.0	623.0	391.0
30.0	891.1769230769231	294.27008547008546	873.0	274.0	913.0	315.0	1170.0
31.0	544.1014884979702	168.9025710419486	524.0	141.0	562.0	204.0	1478.0
32.0	803.7788218286953	619.0675822190098	774.0	589.0	836.0	656.0	2767.0
33.0	759.9193020719738	834.6733914940022	738.0	803.0	785.0	867.0	1834.0
