grid_id	well	score	is_outlier	n_outlier_cells	n_infected_cells	n_non_infected_cells	serum_background_intensity	serum_background_variance
0	C05	1.0346084396129849	0	15	428	143	4052.5825	171.4591
1	C05	1.0419562585703388	0	18	369	86	3876.5513	139.86072
2	C05	1.0360633408822606	0	9	351	65	3889.0278	139.09473
3	C05	1.0163281190432432	0	10	431	91	3843.4705	147.62793
4	C05	1.0189944124825157	0	15	334	104	3759.4443	132.37427
5	C05	1.0300138516479211	0	24	462	108	3919.9893	144.38269
6	C05	1.021890852453083	0	14	348	94	3933.0515	141.25732
7	C05	1.0295525484296915	0	16	481	65	3817.4092	150.00024
8	C05	1.022721350187649	0	9	360	76	3868.9375	139.2727
