annotation_id	well	score	is_outlier	n_outlier_cells	n_infected_cells	n_non_infected_cells	serum_background_intensity	serum_background_variance
0	C12	1.0630853363322783	0	11	366	146	3999.707	158.73438
1	C12	1.077455127948829	0	19	543	155	3841.5413	131.0094
2	C12	1.0750034427387272	0	13	502	172	3912.0945	148.08667
3	C12	1.0610835937959098	0	21	519	155	3738.0078	134.98608
4	C12	1.069833853517913	0	22	469	102	3684.27	135.86462
5	C12	1.0482330394419797	0	16	519	127	3808.183	139.29199
6	C12	1.053883159017918	0	29	533	104	3978.3118	150.4895
7	C12	1.0628650886538111	0	28	547	205	3798.4192	162.27222
8	C12	1.0705499676470018	0	21	526	121	3844.9353	151.05493
