annotation_id	well	score	is_outlier	n_outlier_cells	n_infected_cells	n_non_infected_cells	serum_background_intensity	serum_background_variance
0	G10	1.046609910853552	0	18	379	134	3876.368	140.3628
1	G10	1.0537758587485515	0	16	416	105	3759.0142	144.85278
2	G10	1.0546263389617847	0	12	348	191	3820.349	139.71655
3	G10	1.0477095416896416	0	14	405	177	3707.2031	148.70288
4	G10	1.0327071072775813	0	16	328	79	3726.8584	149.57227
5	G10	1.0314827550840546	0	17	409	181	3811.1956	140.00024
6	G10	1.0610852766321446	0	14	398	142	3917.934	145.91272
7	G10	1.0418031754032258	0	12	417	163	3626.0452	155.98059
8	G10	1.0312971752293356	0	21	430	122	3783.0288	130.62976
