grid_id	well	score	is_outlier	n_outlier_cells	n_infected_cells	n_non_infected_cells	serum_background_intensity	serum_background_variance
0	A02	1.0581971242058037	0	7	560	169	3797.0005	146.58948
1	A02	1.043509413794034	0	6	368	111	3719.544	131.86133
2	A02	1.0505249823098686	0	11	438	122	3780.9482	132.93799
3	A02	1.0601912945938605	0	8	408	109	3687.7375	131.56836
4	A02	1.0492052515456336	0	14	454	135	3653.7842	143.27222
5	A02	1.0468040570307846	0	9	388	123	3674.1145	124.909424
6	A02	1.0406312050855264	0	15	377	168	3822.4424	147.78528
7	A02	1.0549579720473785	0	15	455	131	3689.959	127.07324
8	A02	nan	1	10	297	27	3834.5042	202.38062
